HOUSING/HOSTEL NAME,DIVISION,PHYSICAL LOCATION,LOCATION CORDINATES,X,Y,HAS WIFI INTERNET,SERVICE PROVIDER,CONNECTED TO OPTICAL FIBRE(YES/NO),URL GOOGLE MAPS
IUEA Girls Hostel 2,Makindye,Kansanga,"0.284208118,32.60699117",0.284208118,32.60699117,,,,"https://www.google.com/maps/place/IUEA+Girls+Hostel+1/@0.2842201,32.5979882,2164m/data=!3m1!1e3!4m10!1m2!2m1!1sIUEA+Girls+Hoste!3m6!1s0x177dbd148782171d:0x9a1a82f540f0e9bc!8m2!3d0.2842201!4d32.6070004!15sChBJVUVBIEdpcmxzIEhvc3RlkgEGaG9zdGVs4AEA!16s%2Fg%2F11sd_vht8h?entry=ttu"
IUEA Girls Hostel,Makindye,Kansanga,"0.285589904, 32.60779622",0.285589904,32.60779622,,,,"https://www.google.com/maps/place/IUEA+Girls+Hostel/@0.294087,32.5327802,17313m/data=!3m1!1e3!4m10!1m2!2m1!1siuea+hostel!3m6!1s0x177dbdd2af872887:0x7f1006f364eb5b4d!8m2!3d0.2823969!4d32.6070715!15sCgtpdWVhIGhvc3RlbJIBBmhvc3RlbOABAA!16s%2Fg%2F11k4w2rjgn?entry=ttu"
Maria Hostel,Makindye,Kansanga,"0.347019612, 32.60114928",0.288532811,32.60114928,,,,"https://www.google.com/maps/place/Maria+Hostel/@0.2882485,32.5966861,1082m/data=!3m1!1e3!4m10!1m2!2m1!1smama+hostel,+kansanga!3m6!1s0x177dbdfe5fad3cdb:0x30f135aabaae5169!8m2!3d0.2882485!4d32.6011922!15sChVtYW1hIGhvc3RlbCwga2Fuc2FuZ2GSARZzdHVkZW50X2hvdXNpbmdfY2VudGVy4AEA!16s%2Fg%2F11j4_kkbd4?entry=ttu"
State House Hostel,Makindye,Kansanga,"0.291103046, 32.60498017",0.291103046,32.60498017,,,,"https://www.google.com/maps/search/iuea+hostel/@0.2901938,32.603167,541m/data=!3m1!1e3?entry=ttu"
Tricam Hostel,Kawempe,Kikoni,"0.2912679736595071, 32.55618670982265",0.291267974,32.55618671,,,,"https://www.google.com/maps/place/Tricam+Courts+Hostel/@0.2910588,32.5530861,1082m/data=!3m2!1e3!4b1!4m6!3m5!1s0x177dbdaa588a1649:0x85fac5aad4f9d9e7!8m2!3d0.2910534!4d32.555661!16s%2Fg%2F11p0ztn4tf?entry=ttu"
Osophia Hostel,Makindye,Kansanga,"0.294363098, 32.60261169",0.294363098,32.60261169,,,,"https://www.google.com/maps/place/Osophia+Hostel/@0.2938803,32.5972473,2164m/data=!3m1!1e3!4m10!1m2!2m1!1siuea+hostel!3m6!1s0x177dbc47aa3323ad:0xb4f46c7407059d74!8m2!3d0.2938454!4d32.6026046!15sCgtpdWVhIGhvc3RlbJIBBmhvc3RlbOABAA!16s%2Fg%2F12hp4mvzh?entry=ttu"
KIU Girls Hostel,Makindye,KIU Gaba road,"0.2946024546741572, 32.60496393068355",0.294602455,32.60496393,Yes,,No,"https://www.google.com/maps/place/KIU+Girl's+Hostel/@0.2935725,32.5327803,17313m/data=!3m1!1e3!4m10!1m2!2m1!1skiu+girls+hostel!3m6!1s0x177dbc47865e70b9:0x952b8026be9b9e66!8m2!3d0.2935725!4d32.6048781!15sChBraXUgZ2lybHMgaG9zdGVsWhIiEGtpdSBnaXJscyBob3N0ZWySAQZob3N0ZWyaASRDaGREU1VoTk1HOW5TMFZKUTBGblNVTnRiR1JwY0RsUlJSQULgAQA!16s%2Fg%2F1tcz0659?entry=ttu"
Eyte Hostel,Makindye,Kansanga,"0.294617446, 32.60546415",0.294617446,32.60546415,,,,"https://www.google.com/maps/place/Eyte+Hostel+Kansanga/@0.2917485,32.5944936,3640m/data=!3m1!1e3!4m10!1m2!2m1!1siuea+hostel!3m6!1s0x177dbda2f8abc003:0x45140677680536a5!8m2!3d0.2938942!4d32.6055767!15sCgtpdWVhIGhvc3RlbJIBDHlvdXRoX2hvc3RlbOABAA!16s%2Fg%2F11nyp2x2vf?entry=ttu"
Kakinga Hostel,Makindye,Kansanga,"0.296389874, 32.60577671",0.296389874,32.60577671,,,,"https://www.google.com/maps/place/Kakinga+Hostel/@0.2961807,32.603234,1082m/data=!3m2!1e3!4b1!4m6!3m5!1s0x177dbc3f5278d5ab:0xd8c24f7aa46697b7!8m2!3d0.2961753!4d32.6058089!16s%2Fg%2F1hf2py75d?entry=ttu"
Elyte Hostel,Makindye,Banda,"0.296502188, 32.60593134",0.296502188,32.60593134,,,,"https://www.google.com/maps/place/Elyte+Hostel/@0.2962501,32.6033028,1082m/data=!3m2!1e3!4b1!4m6!3m5!1s0x177dbc3f4e187003:0xd9145b60c8ff54a1!8m2!3d0.2962447!4d32.6058777!16s%2Fg%2F11dxjwh60t?entry=ttu"
Blessed Grils Hostel,Nakawa,Kyambogo,"0.299905938, 32.59990565",0.299905938,32.59990565,NO,,No,N/A
JVC Boys Hostel,Rubaga,Albert Cook Road,"0.3099313429809414, 32.55279599659179",0.309931343,32.552796,,,,"https://www.google.com/maps/search/jvc+boys+hostel,+rubaga/@0.3075014,32.4806212,17312m/data=!3m1!1e3?entry=ttu"
Vision House,Nakawa,Portbell Road,0.323861893,0.321682051,32.62270458,,,,"https://www.google.com/maps/search/vision+house+hostel,+makerere/@0.3325501,32.5503488,17312m/data=!3m2!1e3!4b1?entry=ttu"
Laxy Courts Hostel,Nakawa,Mugavu Road,"0.3221503576793991, 32.62208821538994",0.322150358,32.62208822,yes,SImba fibre,YES,https://www.google.com/maps/place/Laxy+Courts+Hostel/
Ideal Hostel,Nakawa,Kataza,"0.3223918095093394, 32.61553688467262",0.32239181,32.61553688,yes,Liquid Fibre,yes,https://www.google.com/maps/search/ideal+hostel+nakawa/
Biko Hostel,Nakawa,Bugolobi,"0.32252010034355677, 32.61839314052027",0.3225201,32.61839314,yes,Zuku Fiber,YES,https://maps.app.goo.gl/a2YqpdwAJBXNtkaq9
Baheesi Hostel,Nakawa,Bugolobi,"0.3226283389192479, 32.618461798481135",0.322628339,32.6184618,YES,Liquid FIber,YES,N/A
Ideal Platinum Hostel,Bunyonyi Drive Kataza,Kataza,"0.32285343117898335, 32.6152611558365",0.322853431,32.61526116,yes,Liquid Fibre,yes,https://www.google.com/maps/place/Ideal+Platinum+Hostel/
Kabbs Hostel,Nakawa,Bugolobi,"0.32285864432881134, 32.61930904051998",0.322858644,32.61930904,NO,,NO,https://www.google.com/maps/place/KABBS+HOSTEL/
Pakwach Hostel,Nakawa,Kiswa,"0.32290405330329736, 32.6204105110944",0.322904053,32.62034996,,,,"https://www.google.com/maps/place/Packwach+Hoste/@0.3224964,32.6177927,1082m/data=!3m2!1e3!4b1!4m6!3m5!1s0x177dbbfb14253bd7:0xf05ae28b9c5c923e!8m2!3d0.322491!4d32.6203676!16s%2Fg%2F1jglzp47n?entry=ttu"
Uscha Boys Hostel,Rubaga,Canon Njuba Road,"0.3229197336306949, 32.56127974422764",0.322919734,32.56127974,,,,"https://www.google.com/maps/place/Uscha+Boy's+Hostel/@0.3225008,32.560117,161m/data=!3m1!1e3!4m6!3m5!1s0x177dbb67856f2687:0x43b01533780d20cd!8m2!3d0.3223082!4d32.560518!16s%2Fg%2F1tpx23gb?entry=ttu"
University Courts,Nakawa,Kiswa,"0.32293625701178097, 32.620374244724395",0.322936257,32.62037424,,,,"https://www.google.com/maps/place/University+Courts+Hostel/@0.3229202,32.6175955,1082m/data=!3m2!1e3!4b1!4m6!3m5!1s0x177dbbfb3b815633:0x603c8a88db7fafa5!8m2!3d0.3229148!4d32.6201704!16s%2Fg%2F1jgltm43z?entry=ttu"
Betsam Hostel,Nakawa,Portbell Road,"0.3235660163040924, 32.620811513016434",0.323566016,32.62081151,NO,,NO,https://www.google.com/maps/place/Betsam+Hostel/
Vicent's University Hostel,Nakawa,Bugolobi,"0.32361890817694366, 32.61781055403259",0.323618908,32.61781055,NO,,NO,N/A
Devine Hostel,Nakawa,Bugolobi,"0.32361890817694366, 32.61781055403259",0.323618908,32.61781055,YES,Zuku Fiber,YES,https://www.google.com/maps/place/Divine+Hostel/
Dofra Hostel,Nakawa,Portbell Road,"0.32363587363217955, 32.62029860004546",0.323635874,32.6202986,NO,,no,https://www.google.com/maps/place/Dofra+Hostel/
Ideal Classic Hostel,Nakawa,Bugolobi,"0.3236905729761532, 32.619007982847926",0.323690573,32.61900798,yes,Liquid Fibre,YES,https://www.google.com/maps/place/Ideal+Classic+Hostel/
Valley Courts,Nakawa,Bugolobi,"0.3237170924070554, 32.619891285337985",0.323717092,32.61989129,yes,ZUKU Fiber,YES,https://www.google.com/maps/place/Valley+Courts+Hostel/
Bitu Hostel,Bunyonyi Drive Kataza,Kataza,"0.3237307738686181, 32.616086414396676",0.323730774,32.61608641,yes,Fiber,YES,"https://www.google.com/maps/place/Bitu+Hostel,+Kataza+Cl,+Kampala/"
Naivasha Hostel,Nakawa,Kataza,"0.323861893, 32.61650207",0.323861893,32.61650207,,,,"https://www.google.com/maps/search/naivasha+hostel,+kataza/@0.323009,32.6134336,1082m/data=!3m2!1e3!4b1?entry=ttu"
Myammy Hostel,Nakawa,Kataza,"0.323917602, 32.61664498",0.323917602,32.61664498,,,,"https://www.google.com/maps/place/Myammy+Hostel/@0.3236977,32.6140379,1082m/data=!3m2!1e3!4b1!4m6!3m5!1s0x177dbbe5552796ff:0x88d7454ecde023ce!8m2!3d0.3236923!4d32.6166128!16s%2Fg%2F11hc30kc8k?entry=ttu"
Esiteri House,Nakawa,Kataza,"0.3241187162889196, 32.618254482847945",0.324118716,32.61825448,NO,,no,N/A
Samuel Courts,Nakawa,Bugolobi,"0.3242151640950248, 32.61875833844852",0.324215164,32.61875834,,,No,https://www.google.com/maps/place/Samuel+Courts/
Lords Hostel,Nakawa,Kataza,"0.324886865, 32.61739902",0.324886865,32.61739902,,,,"https://www.google.com/maps/place/Lords+Hostel/@0.3237765,32.6149532,1082m/data=!3m2!1e3!4b1!4m6!3m5!1s0x177dbb8ea5fe9061:0x8cfe66d70587839a!8m2!3d0.3237711!4d32.6175281!16s%2Fg%2F11g1qgdr62?entry=ttu"
New Nana Hostels,Central,Kikoni,"0.3255754729342719, 32.56757057624763",0.325575473,32.56757058,NO,P2P,Yes,https://www.google.com/maps/place/New+Nana+Hostel/
Makivu Girls Hostel,Kawempe,Kivuli,"0.32636572653991547, 32.571711113772096",0.326365727,32.57171111,,,,"https://www.google.com/maps/place/Makiv+Girls+Hostel/@0.3402003,32.5597176,4328m/data=!3m1!1e3!4m10!1m2!2m1!1smakivu+girls+hostel+!3m6!1s0x177dbb71d3979ff5:0x37e9e6a83074ab87!8m2!3d0.3260156!4d32.5716412!15sChNtYWtpdnUgZ2lybHMgaG9zdGVskgEGaG9zdGVs4AEA!16s%2Fg%2F1hf5cmk2v?entry=ttu"
Bestie Hostel,Rubaga,Nakulabye,"0.32818790153513155, 32.569460894475945",0.328187902,32.56946089,,,,"https://www.google.com/maps/place/Bestie+Hostel/@0.327968,32.5664032,1082m/data=!3m2!1e3!4b1!4m6!3m5!1s0x177dbbf3f3968b21:0xc261d7cf9347511d!8m2!3d0.3279626!4d32.5689781!16s%2Fg%2F11qh2t3hkd?entry=ttu"
Akamwesi Hostels,Nakawa,Bugolobi,"0.3288430817830503, 32.61779252054188",0.328843082,32.61779252,yes,Fiber,YES,https://www.google.com/maps/place/Akamwesi+Hostel/
Kiwamirembe Hostel,Central,Wandegeya - Katanga,"0.3327632868078175, 32.57571072426772",0.332763287,32.57571072,NO,,No,https://www.google.com/maps/place/Kiwamirembe+Hostel/
Kwata Empola Hostel,Central,Kikoni,"0.3327675721873768, 32.563050897284505",0.332767572,32.5630509,NO,,No,https://www.google.com/maps/place/Akwata+Empola+Hostel/
Kiwamirembe Hostel,Nakawa,Kyambogo,"0.3327954727716685, 32.575828741852426",0.332795473,32.57582874,Yes,P2P,No,https://www.google.com/maps/place/Kiwamirembe+Hostel/
Pinto's Girls Hostel,Central,Kikoni,"0.3330063154579427, 32.56320870892321",0.333006315,32.56320871,NO,,No,https://www.google.com/maps/place/Sir+Pinto+Girls+Hostel/
Muhika Hostels,Central,Kikoni,"0.3331499008362386, 32.56317395310375",0.333149901,32.56317395,NO,,No,https://www.google.com/maps/place/Muhika+Hostel/
Waveney Court Hostel,Central,Kikoni,"0.3333204873702258, 32.562734722917504",0.333320487,32.56273472,NO,,No,https://www.google.com/maps/place/Waveney+Courts/
Waveny Hostel,Kawempe,Kikoni,"0.33342054988514863, 32.563011227659416",0.33342055,32.56301123,,,,"https://www.google.com/maps/place/Waveney+Courts/@0.3330684,32.5596663,1082m/data=!3m2!1e3!4b1!4m6!3m5!1s0x177dbb151bd6a54d:0x35f8b7f43485cbfd!8m2!3d0.333063!4d32.5622412!16s%2Fg%2F1thn7s9m?entry=ttu"
MAT Hostel,Nakawa,Portbell Road,"0.33364123006081736, 32.624302161423564",0.33364123,32.62430216,NO,,NO,https://www.google.com/maps/place/Mat+hostel/
Nalikka Hostel,Central,Kikoni,"0.33408887431263684, 32.565504962386356",0.334088874,32.56550496,NO,,No,https://www.google.com/maps/place/Nalika+Hostel/
Dreamworld Hostel,Central,Kikoni,"0.3341747455158171, 32.56756491152912",0.334174746,32.56756491,NO,,No,https://www.google.com/maps/place/Dream+World+Hostel/
Church of Uganda Bbira Hostels,Central,Kikoni,"0.3341865043725697, 32.5629440140354",0.334186504,32.56294401,NO,,No,https://www.google.com/maps/search/Church+of+Uganda+Bbira+Hostels
JB Girls' Hostel,Central,Wandegeya - Katanga,"0.3345380711784955, 32.574648526381125",0.334538071,32.57464853,NO,,No,https://www.google.com/maps/place/JB+Girls+Hostel/
MMK Girls Hostel,Central,Wandegeya - Katanga,"0.33459864407819295, 32.57359400707031",0.334598644,32.57359401,NO,,No,https://www.google.com/maps/place/MMK+Girls+Hostel/
Fortune Girls Hostel,Kawempe,Kikoni,"0.3346803867687428, 32.56003189682912",0.334680387,32.5600319,,,,"https://www.google.com/maps/place/Fortune+Girls'+Hostel/@0.3345034,32.557457,1082m/data=!3m2!1e3!4b1!4m6!3m5!1s0x177dbb15898228eb:0x73d330436500a366!8m2!3d0.334498!4d32.5600319!16s%2Fg%2F1tgz7r0g?entry=ttu"
Bridgeton Hostel,Central,Kikoni,"0.33524681541084933, 32.56084618470071",0.335246815,32.56084618,NO,,No,https://www.google.com/maps/place/Bridgeton+Hostel/
Mish Hostel,Kawempe,Kikoni,"0.335320944, 32.5603854",0.335320944,32.5603854,,,,"https://www.google.com/maps/place/Makerere+International+Students'+Hostel/@0.3351225,32.5578105,1082m/data=!3m2!1e3!4b1!4m6!3m5!1s0x177dbb15f187be69:0x8420d09c383115a4!8m2!3d0.3351171!4d32.5603854!16s%2Fg%2F1tk9bcwj?entry=ttu"
Aryan (Akamwesi/Ark) Hostel,Central,Wandegeya - Katanga,"0.33551050079775974, 32.574161249397825",0.335510501,32.57416125,NO,,No,https://www.google.com/maps/place/Aryan+Hostel/
Lady Juliana Hostel,Central,Kikoni,"0.3355564154044249, 32.56135547862123",0.335556415,32.56135548,NO,,No,https://www.google.com/maps/place/Lady+Juliana+Hostel/
Kann Hostel,Central,Kikoni,"0.33561522888366235, 32.56367903629345",0.335615229,32.56367904,NO,,No,https://www.google.com/maps/place/Kann+Hostel/
Lady Juliana Girls Hostel,Kawempe,Kikoni,"0.3356207873145447, 32.561366207966074",0.335620787,32.56136621,,,,"https://www.google.com/maps/place/Lady+Juliana+Hostel/@0.3353687,32.5583407,1082m/data=!3m2!1e3!4b1!4m6!3m5!1s0x177dbb15e5c93e11:0xfa5573d76888b505!8m2!3d0.3353633!4d32.5609156!16s%2Fg%2F1v1m97zl?entry=ttu"
Olympia Hostel,Central,Kikoni,"0.3360216440463399, 32.56103508047423",0.336021644,32.56103508,NO,Liquid Fiber,Yes,https://www.google.com/maps/place/Olympia+Hostel/
Maimood Hostel,Central,Wandegeya - Katanga,"0.33605221595596474, 32.57335558801991",0.336052216,32.57335559,NO,,,https://www.google.com/maps/place/Maimood+Hostel/
Makerere International Student's Hostel,Central,Kikoni,"0.3360606564018803, 32.56143052520062",0.336060656,32.56143053,NO,Simba Fiber,Yes,https://www.google.com/maps/place/Makerere+International+Students'+Hostel/
Breatd Girl's Hostel,Central,Wandegeya - Katanga,"0.3366908721276554, 32.573521362889636",0.336690872,32.57352136,NO,,NO,N/A
Braeted Girls Hostel,Kawempe,Wandegeya,"0.33674451537894295, 32.57371448284198",0.336744515,32.57371448,,,,"https://www.google.com/maps/place/Braetd+Girls+Hostel/@0.3380019,32.5557492,4328m/data=!3m1!1e3!4m10!1m2!2m1!1sbraetd+hostel,+kikoni!3m6!1s0x177dbb0e6eb0543f:0x8129e231f0539f53!8m2!3d0.3365514!4d32.5731244!15sChVicmFldGQgaG9zdGVsLCBraWtvbmmSAQZob3N0ZWzgAQA!16s%2Fg%2F1tf9dfty?entry=ttu"
Douglas Villa Hostels,Central,Kikoni,"0.3370918120790836, 32.56151224454809",0.337091812,32.56151224,NO,,No,https://www.google.com/maps/place/Douglas+Villa/
Nakiyingi Hostel,Central,Kikoni,"0.33730820131850964, 32.56220111116335",0.337308201,32.56220111,NO,,No,https://www.google.com/maps/place/Nakiyingi+Hostel/
Lady Nafisa Girls' Hostel,Central,Kikoni,"0.33740451536599336, 32.56038368418017",0.337404515,32.56038368,NO,,No,https://www.google.com/maps/place/Lady+Nafisa+girls+hostel/
Nafisa Girls Hostel,Kawempe,Kikoni,"0.33742597266481633, 32.560351498188155",0.337425973,32.5603515,,,,"https://www.google.com/maps/place/Lady+Nafisa+girls+hostel/@0.3372168,32.5571436,1082m/data=!3m2!1e3!4b1!4m6!3m5!1s0x177dbb14fdef1e4d:0xc014969b8c220cde!8m2!3d0.3372114!4d32.5597185!16s%2Fg%2F11bt_kls0s?entry=ttu"
God is Able,Central,Kikoni,"0.33778001244406486, 32.559546779687295",0.337780012,32.55954678,NO,,No,https://www.google.com/maps/place/God+Is+Able+Hostel/
J J Hostel,Kawempe,Kikoni,"0.3377884012991317, 32.561882019224626",0.337788401,32.56188202,,,,"https://www.google.com/maps/place/J+J+Hostel/@0.3375685,32.5589638,1082m/data=!3m2!1e3!4b1!4m6!3m5!1s0x177dbb178cde6825:0x3ee022a81066c3e0!8m2!3d0.3375631!4d32.5615387!16s%2Fg%2F11f55d5kw1?entry=ttu"
Kasamba Hostel,Central,Kikumi Kikumi,"0.33841690075001957, 32.570817281939895",0.338416901,32.57081728,NO,,No,N/A
Cheds Hostel,Central,Kikumi Kikumi,"0.33850775858803267, 32.570358551772",0.338507759,32.57035855,NO,,No,https://www.google.com/maps/place/Cheds+Hoste l
Panicol Hostel,Central,Kikoni,"0.3398124163801395, 32.56281137676835",0.339812416,32.56281138,NO,,No,https://www.google.com/maps/place/Panicol+International+Hostel
Offshore Hostel,Central,Kikoni,"0.33992598589203066, 32.561085256930994",0.339925986,32.56108526,NO,,No,N/A
Helican Hostels,Central,Kikumi Kikumi,"0.3255616, 32.5668387",0.340130984,32.57039936,NO,,No,https://www.google.com/maps/place/Helican+Hostel
Makerere Garden Courts Hostel,Central,Kikoni,"0.3403767722087692, 32.57332494941613",0.340376772,32.57332495,Yes,Fibre Simba,Yes,https://www.google.com/maps/search/Makerere+Garden+Courts+Hostel/
Zion Girls Hostel,Kawempe,Mukwenda Zone,"0.340489959061015, 32.5701782293781",0.340489959,32.57017823,,,,"https://www.google.com/maps/place/Zion+Girl's+Hostel/@0.3401735,32.5674424,1082m/data=!3m2!1e3!4b1!4m6!3m5!1s0x177dbb1aa3347c4f:0xd55d95a87395d0f5!8m2!3d0.3401681!4d32.5700173!16s%2Fg%2F1tyh4r8k?entry=ttu"
Baskon,Central,Kikoni,"0.3418485679461749, 32.56424760933524",0.341848568,32.56424761,NO,,No,https://www.google.com/maps/place/Baskon+Hostel/
Paradise Hostel,Kawempe,Mukwenda Zone,"0.3422386417461782, 32.570531438023906",0.342238642,32.57053144,,,,"https://www.google.com/maps/search/paradise+hostel+/@0.341773,32.5666556,17312m/data=!3m1!1e3?entry=ttu"
Mirian Hostel,Kawempe,Mukwenda Zone,"0.34310442960927673, 32.56590684127894",0.34310443,32.56590684,,,,"https://www.google.com/maps/search/mirian+hostel,+kikoni/@0.3199208,32.5640756,4328m/data=!3m1!1e3?entry=ttu"
Kasalita Hostel,Makindye,Nabisunsa,"0.343390401, 32.63199354
",0.343390401,32.63199354,,,,"https://www.google.com/maps/place/Kasalita+Hostel/@0.3431705,32.6292899,1082m/data=!3m2!1e3!4b1!4m6!3m5!1s0x177db97c2224f89d:0x3ce565b2adf49b67!8m2!3d0.3431651!4d32.6318648!16s%2Fg%2F1pp2x9tsb?entry=ttu"
Little Village Hostel,Kawempe,Mukwenda Zone,"0.3440863725097989, 32.565725394476",0.344086373,32.56572539,,,,"https://www.google.com/maps/place/Little+Village+Hostel/@0.3438772,32.5626677,1082m/data=!3m2!1e3!4b1!4m6!3m5!1s0x177dbb1eac08b80b:0x786e921e5e1805b6!8m2!3d0.3438718!4d32.5652426!16s%2Fg%2F11xfk3684?entry=ttu"
Noberts Hostel,Nakawa,Kyambogo,"0.3447607724947205, 32.6373913190957",0.344760772,32.63739132,Yes,P2P,No,N/A
Kare Hostel,Central,Kikoni,"0.3447706430947325, 32.56122029911766",0.344770643,32.5612203,Yes,Fibre Simba,Yes,https://www.google.com/maps/search/kare+hostel+kampala+uganda/
Batana Hostel,Makindye,Banda,"0.344902203, 32.63721961",0.344902203,32.63721961,,,,"https://www.google.com/maps/search/batana+hostel/@0.3443765,32.6193025,4328m/data=!3m1!1e3?entry=ttu"
God is Able Hostel,Kawempe,Kikoni,"0.34512139171750794, 32.56773054551857",0.345121392,32.56773055,,,,"https://www.google.com/maps/search/god+is+able+hostel,+kikoni/@0.3198779,32.5640756,4328m/data=!3m2!1e3!4b1?entry=ttu"
California Girls Hostel,Kawempe,Kikoni,"0.3451231011268753, 32.56002183073722",0.345123101,32.56002183,,,,"https://www.google.com/maps/place/California+Girl's+Hostel,+Kampala/@0.3449032,32.556653,1082m/data=!3m2!1e3!4b1!4m6!3m5!1s0x177dbb21dcb7c821:0xdf06922611e6f354!8m2!3d0.3448978!4d32.5592279!16s%2Fg%2F12hqxv7sv?entry=ttu"
Decity Courts Hostel,Nakawa,Kyambogo,"0.3451617438438594, 32.63592825534389",0.345161744,32.63592826,NO,,No,https://www.google.com/maps/place/Decity+Courts+Hostel/
Desert Tree Hostel,Makindye,Banda,"0.345246501, 32.63501814",0.345246501,32.63501814,,,,"https://www.google.com/maps/place/Desert+Tree+Hostel/@0.3450266,32.6325398,1082m/data=!3m2!1e3!4b1!4m6!3m5!1s0x177db999d8d12301:0xae286a349f409cb8!8m2!3d0.3450212!4d32.6351147!16s%2Fg%2F11fhz6x_z3?entry=ttu"
Erima Hostel,Nakawa,Kyambogo,"0.3457145438314451, 32.63520822094882",0.345714544,32.63520822,NO,P2P,No,https://www.google.com/maps/place/ERIMA+HOSTEL/
Allen Hostel,Kawempe,Kavule,"0.3458788297488327, 32.56622832566558",0.34587883,32.56622833,,,,"https://www.google.com/maps/place/Allen+Hostel/@0.3456482,32.5636427,1082m/data=!3m2!1e3!4b1!4m6!3m5!1s0x177dbb1c2d25cabd:0x4d7ca694969052f5!8m2!3d0.3456428!4d32.5662176!16s%2Fg%2F1td8gp2j?entry=ttu"
Palm Hostel,Nakawa,Kyambogo,"0.34609684382284767, 32.635737749785",0.346096844,32.63573775,NO,P2P,No,https://www.google.com/maps/place/Palm+Hostel/
Aka Hostel,Makindye,Banda,"0.347019612, 32.63693516",0.347019612,32.63693516,,,,"https://www.google.com/maps/place/Aka+Hostel/@0.3470007,32.6344156,1082m/data=!3m2!1e3!4b1!4m6!3m5!1s0x177db978706412c7:0xfc394e49e5469aa0!8m2!3d0.3469953!4d32.6369905!16s%2Fg%2F1ydpvbgtw?entry=ttu"
Unique Hostel,Makindye,Kansanga,"0.347056677,32.63885905",0.347056677,32.63885905,,,,"https://www.google.com/maps/place/Unique+Hostel/@0.3468002,32.6363022,1082m/data=!3m2!1e3!4b1!4m6!3m5!1s0x177db937d1a49a0f:0x29ccef5baa1fdaf5!8m2!3d0.3467948!4d32.6388771!16s%2Fg%2F11sx72lpsh?entry=ttu"
Choice Hostel,Nakawa,Kyambogo,"0.347349258350482, 32.63851672332248",0.347349258,32.63851672,Yes,P2P,No,https://www.google.com/maps/place/Choice+Hostel/
Madonna Hostel,Makindye,Kamuli,"0.347510193, 32.64156361",0.347510193,32.64156361,,,,"https://www.google.com/maps/place/Madonna+hostel/@0.3465201,32.6232439,4328m/data=!3m2!1e3!4b1!4m6!3m5!1s0x177db92c6efacffd:0xba1ffc90a7c72c63!8m2!3d0.3464987!4d32.6416978!16s%2Fg%2F11j36qp19g?entry=ttu"
Imara Hostel,Nakawa,Kyambogo,"0.3483552724096999, 32.63760855401169",0.348355272,32.63760855,NO,,No,https://www.google.com/maps/place/Imara+hostel+banda/
Sports Pro Hostel,Nakawa,Kyambogo,"0.3488455723980181, 32.638470763276786",0.348845572,32.63847076,NO,,No,https://www.google.com/maps/place/Sports+Pro/
Villyvoo Hostel,Nakawa,Kyambogo,"0.3493043308086779, 32.63760584911074",0.349304331,32.63760585,NO,,No,N/A
TBK,Nakawa,Kyambogo,"0.3496177864705807, 32.63633053866692",0.349617786,32.63633054,yes,,No,https://www.google.com/maps/place/TBK+Hostel/
Grapes Hostel,Makindye,Banda,"0.349974866, 32.64149835",0.349974866,32.64149835,,,,"https://www.google.com/maps/place/Grapes+hostel/@0.3475985,32.6387303,1082m/data=!3m1!1e3!4m14!1m7!3m6!1s0x177db9f9a5753d77:0x9c56fec9e53b56e7!2sVully-vu+Hostel+Kyambogo!8m2!3d0.3484514!4d32.6377218!16s%2Fg%2F11jfq7jlzh!3m5!1s0x177db96ec661bc49:0xe4d045988f9a5e5d!8m2!3d0.3497195!4d32.6414469!16s%2Fg%2F11krxbstlx?entry=ttu"
Ebenezer Hostel,Nakawa,Bugolobi,"0.34998545827875316, 32.63816013444047",0.349985458,32.63816013,NO,,NO,https://www.google.com/maps/place/Ebenezer+hostel/
Jussy Hostel,Nakawa,Kyambogo,"0.3500097587300987, 32.6373570995246",0.350009759,32.6373571,YES,P2P,No,https://www.google.com/maps/search/jussy+hostel+kyambogo/
HolyWays,Nakawa,Kyambogo,"0.35017222804692516, 32.63658825570257",0.350172228,32.63658826,NO,,No,N/A
Vully-vu Hostel,Makindye,Kireka,"0.350210896, 32.63746431",0.350210896,32.63746431,,,,"https://www.google.com/maps/place/Vully-vu+Hostel+Kyambogo/@0.3484568,32.6351469,1082m/data=!3m2!1e3!4b1!4m6!3m5!1s0x177db9f9a5753d77:0x9c56fec9e53b56e7!8m2!3d0.3484514!4d32.6377218!16s%2Fg%2F11jfq7jlzh?entry=ttu"
Liam Hostel,Nawaka,Kyambogo,"0.3503117009986403, 32.63641659448622",0.350311701,32.63641659,YES,P2P,No,https://www.google.com/maps/place/Liam+Hostel/
Cariton Hostel,Nakawa,Kyambogo,"0.3508664009847476, 32.63682102332256",0.350866401,32.63682102,YES,P2P,No,N/A
Jupiter Hostel,Nakawa,Kyambogo,"0.35097994415615, 32.63781216327649",0.350979944,32.63781216,YES,P2P,No,https://www.google.com/maps/place/Jupiter+Hostel/
Mulago View Hostel,Kawempe,Mukwenda Zone,"0.351641401430278, 32.583064237825276",0.351641401,32.58306424,,,,"https://www.google.com/maps/search/mulago+view+hostel+/@0.345431,32.5701464,2164m/data=!3m2!1e3!4b1?entry=ttu"
Westland Girls Hostel,Kawempe,Kikoni,"0.351641401430278, 32.583064237825276",0.351641401,32.58306424,,,,"https://www.google.com/maps/place/Westland+Girls+Hostel/@0.3374142,32.5423635,4328m/data=!3m2!1e3!4b1!4m6!3m5!1s0x177dbb1624c40489:0xed94300178ff797d!8m2!3d0.3373928!4d32.5608174!16s%2Fg%2F1yg4vbfhf?entry=ttu"
Executive Corner Hostel,Nakawa,Kyambogo,"0.3520799298283221, 32.638530810644774",0.35207993,32.63853081,NO,,No,N/A
Mars Hostel,Nakawa,Kyambogo,"0.3521031441214907, 32.63563836750319",0.352103144,32.63563837,YES,P2P,No,https://www.google.com/maps/place/Mars+Girl's+Hostel+Kyambogo/
Servite Students Hostel,Nakawa,Kyambogo,"0.352998415889369, 32.63701330983109",0.352998416,32.63701331,YES,P2P,No,https://www.google.com/maps/place/Servite+Hostel+Banda/
Taf Hostel,Nakawa,Kyambogo,"0.3531760066908486, 32.63632501285407",0.353176007,32.63632501,YES,P2P,No,N/A
Tal Hostel,Nakawa,Kyambogo,"0.35387368680353276, 32.63736981168391",0.353873687,32.63736981,YES,P2P,No,https://www.google.com/maps/place/T+A+L+Hostel/
Eniad Hostel,Nakawa,Kyambogo,"0.3539140303810367, 32.636134796339256",0.35391403,32.6361348,,,No,https://www.google.com/maps/place/E+N+I+A+D+Hostel/
Seed Faith Hostel,Nakawa,Kyambogo,"0.3543396803439004, 32.635945826802775",0.35433968,32.63594583,YES,P2P,No,https://www.google.com/maps/place/Seed+Faith+Students'+Hostel/
Good Shepherd,Nakawa,Kyambogo,"0.3547409867785585, 32.63667675401164",0.354740987,32.63667675,NO,,No,https://www.google.com/maps/place/Good+Shepherd+Student's+Hostel/
Kabojja Hostel,Makindye,Banda,"0.356626215,32.63714525",0.356626215,32.63714525,,,,"https://www.google.com/maps/place/Kabojja+Hostel/@0.3563634,32.634624,1082m/data=!3m2!1e3!4b1!4m6!3m5!1s0x177db9e2ecfaf365:0xeea69e4c4b7843b7!8m2!3d0.356358!4d32.6371989!16s%2Fg%2F11h0c04b2c?entry=ttu"
Goshen Hostel,Nakawa,Kyambogo,"0.3575722487509225, 32.63604422207938",0.357572249,32.63604422,Yes,P2P,no,https://www.google.com/maps/place/Goshen+Hostel/
Trinity students Hostel,Nakawa,Kyambogo,"0.3576690576772826, 32.63701456090283",0.357669058,32.63701456,Yes,P2P,No,N/A
Wilshere Hostel,Nakawa,Kyambogo,"0.3576690576772826, 32.63701456090283",0.357669058,32.63701456,No,,No,https://www.google.com/maps/place/Wilswere+Hostel+-+Kyambogo/
Wamala Girls Hostel,Nakawa,Kyambogo,"0.3587639580361317, 32.63748042094894",0.358763958,32.63748042,NO,,No,https://www.google.com/maps/place/Wamala+Girls+Hostel/
St.Marys Hostel,Nakawa,Kyambogo,"0.35948577010841976, 32.63196829539097",0.35948577,32.6319683,YES,P2P,No,https://www.google.com/maps/place/St+Mary's+Hostel+Kyambogo/
Bavana Hostel,Makindye,Kamuli,"0.360250374, 32.63820872",0.360250374,32.63820872,,,,"https://www.google.com/maps/place/Bavana+Hostel+-+Kyambogo/@0.3596657,32.6355909,1082m/data=!3m2!1e3!4b1!4m6!3m5!1s0x177db98de44cc49f:0xc630a703373f84f0!8m2!3d0.3596603!4d32.6381658!16s%2Fg%2F1tdkzyc1?entry=ttu"
St. George Hostel,Nakawa,Kyambogo,"0.3605104582941358, 32.637583304057934",0.360510458,32.6375833,YES,P2P,No,https://www.google.com/maps/place/St.George+Hostel/
Bavana Hostel,Nakawa,Kyambogo,"0.3635918328951788, 32.638542588327496",0.363591833,32.63854259,NO,,No,https://www.google.com/maps/place/Bavana+Hostel+-+Kyambogo/
Steve Hostel,Kawempe,Keti Falawo,"0.3664429433445593, 32.560351371355836",0.366442943,32.56019044,,,,"https://www.google.com/maps/place/Steve+Hostel/@0.3662445,32.557637,1082m/data=!3m2!1e3!4b1!4m6!3m5!1s0x177dba95893e44f9:0x2ec86a9531c02d14!8m2!3d0.3662391!4d32.5602119!16s%2Fg%2F1thzxnf6?entry=ttu"
Jireh Hostel,Rubaga,Nabunya Road,"0.3686241107367049, 32.752453624127135",0.368624111,32.75245362,,,,"https://www.google.com/maps/place/JIREH+HOSTEL/@0.3010466,32.5587117,322m/data=!3m1!1e3!4m6!3m5!1s0x177dbcbfc351c865:0x45571575f7d90589!8m2!3d0.3012692!4d32.5591618!16s%2Fg%2F11g8ygxp7j?entry=ttu"
Helican Hostel,Kawempe,Kikoni,"0.34013317259518744, 32.57043506950946",0.340133173,32.57039903,,,,"https://www.google.com/maps/place/Helican+Hostel/@0.339924,32.5677958,1082m/data=!3m2!1e3!4b1!4m6!3m5!1s0x177dbb1aa669943b:0xdc817725319d7e99!8m2!3d0.3399186!4d32.5703707!16s%2Fg%2F1tfnk5vl?entry=ttu"
